url,faqs_visiveis,faqs_jsonld,somente_jsonld,somente_visivel,paridade,status,exemplo_divergencia
https://tecnicocuritiba.com.br/atendimento/almirante-tamandare,5,5,0,0,ok,ok,
https://tecnicocuritiba.com.br/atendimento/almirante-tamandare/centro,4,4,0,0,ok,ok,
https://tecnicocuritiba.com.br/atendimento/almirante-tamandare/tranqueira,4,4,0,0,ok,ok,
https://tecnicocuritiba.com.br/atendimento/araucaria,5,5,0,0,ok,ok,
https://tecnicocuritiba.com.br/atendimento/araucaria/cachoeira,4,4,0,0,ok,ok,
https://tecnicocuritiba.com.br/atendimento/araucaria/capela-velha,4,4,0,0,ok,ok,
https://tecnicocuritiba.com.br/atendimento/araucaria/centro,4,4,0,0,ok,ok,
https://tecnicocuritiba.com.br/atendimento/araucaria/iguacu,4,4,0,0,ok,ok,
https://tecnicocuritiba.com.br/atendimento/balsa-nova,5,5,0,0,ok,ok,
https://tecnicocuritiba.com.br/atendimento/balsa-nova/centro,4,4,0,0,ok,ok,
https://tecnicocuritiba.com.br/atendimento/campo-largo,5,5,0,0,ok,ok,
https://tecnicocuritiba.com.br/atendimento/campo-largo/centro,4,4,0,0,ok,ok,
https://tecnicocuritiba.com.br/atendimento/campo-largo/cercadinho,4,4,0,0,ok,ok,
https://tecnicocuritiba.com.br/atendimento/campo-largo/sao-caetano,4,4,0,0,ok,ok,
https://tecnicocuritiba.com.br/atendimento/campo-magro,5,5,0,0,ok,ok,
https://tecnicocuritiba.com.br/atendimento/campo-magro/centro,4,4,0,0,ok,ok,
https://tecnicocuritiba.com.br/atendimento/colombo,5,5,0,0,ok,ok,
https://tecnicocuritiba.com.br/atendimento/colombo/alto-maracana,4,4,0,0,ok,ok,
https://tecnicocuritiba.com.br/atendimento/colombo/atuba,4,4,0,0,ok,ok,
https://tecnicocuritiba.com.br/atendimento/colombo/centro,4,4,0,0,ok,ok,
https://tecnicocuritiba.com.br/atendimento/colombo/sao-gabriel,4,4,0,0,ok,ok,
https://tecnicocuritiba.com.br/atendimento/contenda,5,5,0,0,ok,ok,
https://tecnicocuritiba.com.br/atendimento/contenda/centro,4,4,0,0,ok,ok,
https://tecnicocuritiba.com.br/atendimento/curitiba,5,5,0,0,ok,ok,
https://tecnicocuritiba.com.br/atendimento/curitiba/agua-verde,4,4,0,0,ok,ok,
https://tecnicocuritiba.com.br/atendimento/curitiba/bacacheri,4,4,0,0,ok,ok,
https://tecnicocuritiba.com.br/atendimento/curitiba/batel,4,4,0,0,ok,ok,
https://tecnicocuritiba.com.br/atendimento/curitiba/boa-vista,4,4,0,0,ok,ok,
https://tecnicocuritiba.com.br/atendimento/curitiba/boqueirao,4,4,0,0,ok,ok,
https://tecnicocuritiba.com.br/atendimento/curitiba/cabral,4,4,0,0,ok,ok,
https://tecnicocuritiba.com.br/atendimento/curitiba/cajuru,4,4,0,0,ok,ok,
https://tecnicocuritiba.com.br/atendimento/curitiba/centro,4,4,0,0,ok,ok,
https://tecnicocuritiba.com.br/atendimento/curitiba/cic,4,4,0,0,ok,ok,
https://tecnicocuritiba.com.br/atendimento/curitiba/hauer,4,4,0,0,ok,ok,
https://tecnicocuritiba.com.br/atendimento/curitiba/novo-mundo,4,4,0,0,ok,ok,
https://tecnicocuritiba.com.br/atendimento/curitiba/pinheirinho,4,4,0,0,ok,ok,
https://tecnicocuritiba.com.br/atendimento/curitiba/portao,4,4,0,0,ok,ok,
https://tecnicocuritiba.com.br/atendimento/curitiba/santa-felicidade,4,4,0,0,ok,ok,
https://tecnicocuritiba.com.br/atendimento/curitiba/sitio-cercado,4,4,0,0,ok,ok,
https://tecnicocuritiba.com.br/atendimento/curitiba/tatuquara,4,4,0,0,ok,ok,
https://tecnicocuritiba.com.br/atendimento/curitiba/uberaba,4,4,0,0,ok,ok,
https://tecnicocuritiba.com.br/atendimento/fazenda-rio-grande,5,5,0,0,ok,ok,
https://tecnicocuritiba.com.br/atendimento/fazenda-rio-grande/centro,4,4,0,0,ok,ok,
https://tecnicocuritiba.com.br/atendimento/fazenda-rio-grande/eucaliptos,4,4,0,0,ok,ok,
https://tecnicocuritiba.com.br/atendimento/fazenda-rio-grande/nacoes,4,4,0,0,ok,ok,
https://tecnicocuritiba.com.br/atendimento/mandirituba,5,5,0,0,ok,ok,
https://tecnicocuritiba.com.br/atendimento/mandirituba/centro,4,4,0,0,ok,ok,
https://tecnicocuritiba.com.br/atendimento/pinhais,5,5,0,0,ok,ok,
https://tecnicocuritiba.com.br/atendimento/pinhais/atuba,4,4,0,0,ok,ok,
https://tecnicocuritiba.com.br/atendimento/pinhais/centro,4,4,0,0,ok,ok,
https://tecnicocuritiba.com.br/atendimento/pinhais/estancia-pinhais,4,4,0,0,ok,ok,
https://tecnicocuritiba.com.br/atendimento/pinhais/weissopolis,4,4,0,0,ok,ok,
https://tecnicocuritiba.com.br/atendimento/piraquara,5,5,0,0,ok,ok,
https://tecnicocuritiba.com.br/atendimento/piraquara/centro,4,4,0,0,ok,ok,
https://tecnicocuritiba.com.br/atendimento/piraquara/guarituba,4,4,0,0,ok,ok,
https://tecnicocuritiba.com.br/atendimento/quatro-barras,5,5,0,0,ok,ok,
https://tecnicocuritiba.com.br/atendimento/quatro-barras/centro,4,4,0,0,ok,ok,
https://tecnicocuritiba.com.br/atendimento/rio-branco-do-sul,5,5,0,0,ok,ok,
https://tecnicocuritiba.com.br/atendimento/rio-branco-do-sul/centro,4,4,0,0,ok,ok,
https://tecnicocuritiba.com.br/atendimento/sao-jose-dos-pinhais,5,5,0,0,ok,ok,
https://tecnicocuritiba.com.br/atendimento/sao-jose-dos-pinhais/afonso-pena,4,4,0,0,ok,ok,
https://tecnicocuritiba.com.br/atendimento/sao-jose-dos-pinhais/aviacao,4,4,0,0,ok,ok,
https://tecnicocuritiba.com.br/atendimento/sao-jose-dos-pinhais/centro,4,4,0,0,ok,ok,
https://tecnicocuritiba.com.br/atendimento/sao-jose-dos-pinhais/cidade-jardim,4,4,0,0,ok,ok,
https://tecnicocuritiba.com.br/atendimento/sao-jose-dos-pinhais/guatupe,4,4,0,0,ok,ok,
https://tecnicocuritiba.com.br/atendimento/sao-jose-dos-pinhais/sao-pedro,4,4,0,0,ok,ok,
https://tecnicocuritiba.com.br/atendimento/tijucas-do-sul,5,5,0,0,ok,ok,
https://tecnicocuritiba.com.br/atendimento/tijucas-do-sul/centro,4,4,0,0,ok,ok,
https://tecnicocuritiba.com.br/bairros/academia-sjp,8,8,0,0,ok,ok,
https://tecnicocuritiba.com.br/bairros/afonso-pena,11,11,0,0,ok,ok,
https://tecnicocuritiba.com.br/bairros/agricola-sjp,8,8,0,0,ok,ok,
https://tecnicocuritiba.com.br/bairros/agua-verde,8,8,0,0,ok,ok,
https://tecnicocuritiba.com.br/bairros/alto-boqueirao,8,8,0,0,ok,ok,
https://tecnicocuritiba.com.br/bairros/alto-da-gloria,8,8,0,0,ok,ok,
https://tecnicocuritiba.com.br/bairros/alto-maracana,8,8,0,0,ok,ok,
https://tecnicocuritiba.com.br/bairros/alto-taruma,8,8,0,0,ok,ok,
https://tecnicocuritiba.com.br/bairros/antonio-olivero-cm,8,8,0,0,ok,ok,
https://tecnicocuritiba.com.br/bairros/aristocrata,8,8,0,0,ok,ok,
https://tecnicocuritiba.com.br/bairros/atuba-colombo,8,8,0,0,ok,ok,
https://tecnicocuritiba.com.br/bairros/atuba-pinhais,8,8,0,0,ok,ok,
https://tecnicocuritiba.com.br/bairros/aviacao,8,8,0,0,ok,ok,
https://tecnicocuritiba.com.br/bairros/bacacheri,8,8,0,0,ok,ok,
https://tecnicocuritiba.com.br/bairros/barigui-araucaria,8,8,0,0,ok,ok,
https://tecnicocuritiba.com.br/bairros/barro-preto,8,8,0,0,ok,ok,
https://tecnicocuritiba.com.br/bairros/bateias,8,8,0,0,ok,ok,
https://tecnicocuritiba.com.br/bairros/batel,12,12,0,0,ok,ok,
https://tecnicocuritiba.com.br/bairros/bigorrilho,8,8,0,0,ok,ok,
https://tecnicocuritiba.com.br/bairros/boa-vista,8,8,0,0,ok,ok,
https://tecnicocuritiba.com.br/bairros/boa-vista-at,8,8,0,0,ok,ok,
https://tecnicocuritiba.com.br/bairros/boneca-do-iguacu-sjp,8,8,0,0,ok,ok,
https://tecnicocuritiba.com.br/bairros/boqueirao,8,8,0,0,ok,ok,
https://tecnicocuritiba.com.br/bairros/boqueirao-araucaria,8,8,0,0,ok,ok,
https://tecnicocuritiba.com.br/bairros/borda-campo-sjp,8,8,0,0,ok,ok,
https://tecnicocuritiba.com.br/bairros/borda-do-campo-qb,8,8,0,0,ok,ok,
https://tecnicocuritiba.com.br/bairros/borda-do-campo-sjp,8,8,0,0,ok,ok,
https://tecnicocuritiba.com.br/bairros/botiatuva,8,8,0,0,ok,ok,
https://tecnicocuritiba.com.br/bairros/botiatuva-cm,8,8,0,0,ok,ok,
https://tecnicocuritiba.com.br/bairros/braga,8,8,0,0,ok,ok,
https://tecnicocuritiba.com.br/bairros/cabral,8,8,0,0,ok,ok,
https://tecnicocuritiba.com.br/bairros/cachoeira-araucaria,8,8,0,0,ok,ok,
https://tecnicocuritiba.com.br/bairros/cachoeira-at,8,8,0,0,ok,ok,
https://tecnicocuritiba.com.br/bairros/caiua-piraquara,8,8,0,0,ok,ok,
https://tecnicocuritiba.com.br/bairros/cajuru,8,8,0,0,ok,ok,
https://tecnicocuritiba.com.br/bairros/california-araucaria,8,8,0,0,ok,ok,
https://tecnicocuritiba.com.br/bairros/campina-da-barra,8,8,0,0,ok,ok,
https://tecnicocuritiba.com.br/bairros/campina-grande-colombo,8,8,0,0,ok,ok,
https://tecnicocuritiba.com.br/bairros/campo-comprido,8,8,0,0,ok,ok,
https://tecnicocuritiba.com.br/bairros/campo-largo-roseira-sjp,8,8,0,0,ok,ok,
https://tecnicocuritiba.com.br/bairros/campo-pequeno,8,8,0,0,ok,ok,
https://tecnicocuritiba.com.br/bairros/campo-tenente-at,8,8,0,0,ok,ok,
https://tecnicocuritiba.com.br/bairros/capao-da-imbuia,8,8,0,0,ok,ok,
https://tecnicocuritiba.com.br/bairros/capela-velha,8,8,0,0,ok,ok,
https://tecnicocuritiba.com.br/bairros/centro,12,12,0,0,ok,ok,
https://tecnicocuritiba.com.br/bairros/centro-almirante-tamandare,8,8,0,0,ok,ok,
https://tecnicocuritiba.com.br/bairros/centro-araucaria,11,11,0,0,ok,ok,
https://tecnicocuritiba.com.br/bairros/centro-campo-largo,11,11,0,0,ok,ok,
https://tecnicocuritiba.com.br/bairros/centro-campo-magro,8,8,0,0,ok,ok,
https://tecnicocuritiba.com.br/bairros/centro-colombo,8,8,0,0,ok,ok,
https://tecnicocuritiba.com.br/bairros/centro-fazenda-rio-grande,8,8,0,0,ok,ok,
https://tecnicocuritiba.com.br/bairros/centro-pinhais,11,11,0,0,ok,ok,
https://tecnicocuritiba.com.br/bairros/centro-piraquara,8,8,0,0,ok,ok,
https://tecnicocuritiba.com.br/bairros/centro-quatro-barras,8,8,0,0,ok,ok,
https://tecnicocuritiba.com.br/bairros/chapada,8,8,0,0,ok,ok,
https://tecnicocuritiba.com.br/bairros/cic,11,11,0,0,ok,ok,
https://tecnicocuritiba.com.br/bairros/cidade-jardim-sjp,8,8,0,0,ok,ok,
https://tecnicocuritiba.com.br/bairros/colonia-antonio-prado,8,8,0,0,ok,ok,
https://tecnicocuritiba.com.br/bairros/colonia-malhada-cl,8,8,0,0,ok,ok,
https://tecnicocuritiba.com.br/bairros/colonia-murici-sjp,8,8,0,0,ok,ok,
https://tecnicocuritiba.com.br/bairros/correia-de-freitas,8,8,0,0,ok,ok,
https://tecnicocuritiba.com.br/bairros/costeira,8,8,0,0,ok,ok,
https://tecnicocuritiba.com.br/bairros/costeira-araucaria,8,8,0,0,ok,ok,
https://tecnicocuritiba.com.br/bairros/cristo-rei,8,8,0,0,ok,ok,
https://tecnicocuritiba.com.br/bairros/cruzeiro,8,8,0,0,ok,ok,
https://tecnicocuritiba.com.br/bairros/del-rey,8,8,0,0,ok,ok,
https://tecnicocuritiba.com.br/bairros/embu-colombo,8,8,0,0,ok,ok,
https://tecnicocuritiba.com.br/bairros/emiliano-perneta,8,8,0,0,ok,ok,
https://tecnicocuritiba.com.br/bairros/espigao-alegre-cm,8,8,0,0,ok,ok,
https://tecnicocuritiba.com.br/bairros/estacao-araucaria,8,8,0,0,ok,ok,
https://tecnicocuritiba.com.br/bairros/estancia-pinhais,8,8,0,0,ok,ok,
https://tecnicocuritiba.com.br/bairros/eucaliptos-frg,8,8,0,0,ok,ok,
https://tecnicocuritiba.com.br/bairros/fatima-colombo,8,8,0,0,ok,ok,
https://tecnicocuritiba.com.br/bairros/fazenda-velha-araucaria,8,8,0,0,ok,ok,
https://tecnicocuritiba.com.br/bairros/fazendinha,8,8,0,0,ok,ok,
https://tecnicocuritiba.com.br/bairros/ferraria,8,8,0,0,ok,ok,
https://tecnicocuritiba.com.br/bairros/gabirobal,8,8,0,0,ok,ok,
https://tecnicocuritiba.com.br/bairros/graciosa,8,8,0,0,ok,ok,
https://tecnicocuritiba.com.br/bairros/graciosa-qb,8,8,0,0,ok,ok,
https://tecnicocuritiba.com.br/bairros/gralha-azul,8,8,0,0,ok,ok,
https://tecnicocuritiba.com.br/bairros/guajuvira,8,8,0,0,ok,ok,
https://tecnicocuritiba.com.br/bairros/guaraituba-colombo,8,8,0,0,ok,ok,
https://tecnicocuritiba.com.br/bairros/guarituba-piraquara,8,8,0,0,ok,ok,
https://tecnicocuritiba.com.br/bairros/guatupe,8,8,0,0,ok,ok,
https://tecnicocuritiba.com.br/bairros/hauer,8,8,0,0,ok,ok,
https://tecnicocuritiba.com.br/bairros/hortencia-frg,8,8,0,0,ok,ok,
https://tecnicocuritiba.com.br/bairros/hugo-lange,8,8,0,0,ok,ok,
https://tecnicocuritiba.com.br/bairros/iguacu-araucaria,8,8,0,0,ok,ok,
https://tecnicocuritiba.com.br/bairros/iguacu-frg,8,8,0,0,ok,ok,
https://tecnicocuritiba.com.br/bairros/independencia-sjp,8,8,0,0,ok,ok,
https://tecnicocuritiba.com.br/bairros/industrial-araucaria,8,8,0,0,ok,ok,
https://tecnicocuritiba.com.br/bairros/ipe-sjp,8,8,0,0,ok,ok,
https://tecnicocuritiba.com.br/bairros/irai-piraquara,8,8,0,0,ok,ok,
https://tecnicocuritiba.com.br/bairros/italia-sjp,8,8,0,0,ok,ok,
https://tecnicocuritiba.com.br/bairros/itaqui,8,8,0,0,ok,ok,
https://tecnicocuritiba.com.br/bairros/jardim-amelia,8,8,0,0,ok,ok,
https://tecnicocuritiba.com.br/bairros/jardim-america-campo-largo,8,8,0,0,ok,ok,
https://tecnicocuritiba.com.br/bairros/jardim-bela-vista-piraquara,8,8,0,0,ok,ok,
https://tecnicocuritiba.com.br/bairros/jardim-boa-vista-araucaria,8,8,0,0,ok,ok,
https://tecnicocuritiba.com.br/bairros/jardim-boa-vista-cm,8,8,0,0,ok,ok,
https://tecnicocuritiba.com.br/bairros/jardim-botanico,8,8,0,0,ok,ok,
https://tecnicocuritiba.com.br/bairros/jardim-claudia,8,8,0,0,ok,ok,
https://tecnicocuritiba.com.br/bairros/jardim-claudia-ii-pinhais,8,8,0,0,ok,ok,
https://tecnicocuritiba.com.br/bairros/jardim-condor-frg,8,8,0,0,ok,ok,
https://tecnicocuritiba.com.br/bairros/jardim-das-americas,8,8,0,0,ok,ok,
https://tecnicocuritiba.com.br/bairros/jardim-das-pedras-frg,8,8,0,0,ok,ok,
https://tecnicocuritiba.com.br/bairros/jardim-dona-rosa-pinhais,8,8,0,0,ok,ok,
https://tecnicocuritiba.com.br/bairros/jardim-esperanca-cl,8,8,0,0,ok,ok,
https://tecnicocuritiba.com.br/bairros/jardim-esplanada-pinhais,8,8,0,0,ok,ok,
https://tecnicocuritiba.com.br/bairros/jardim-estados,8,8,0,0,ok,ok,
https://tecnicocuritiba.com.br/bairros/jardim-florestal-qb,8,8,0,0,ok,ok,
https://tecnicocuritiba.com.br/bairros/jardim-graziela,8,8,0,0,ok,ok,
https://tecnicocuritiba.com.br/bairros/jardim-guilhermina,8,8,0,0,ok,ok,
https://tecnicocuritiba.com.br/bairros/jardim-iguacu-araucaria,8,8,0,0,ok,ok,
https://tecnicocuritiba.com.br/bairros/jardim-ipe-frg,8,8,0,0,ok,ok,
https://tecnicocuritiba.com.br/bairros/jardim-japao-qb,8,8,0,0,ok,ok,
https://tecnicocuritiba.com.br/bairros/jardim-karla-pinhais,8,8,0,0,ok,ok,
https://tecnicocuritiba.com.br/bairros/jardim-laranjeiras-cl,8,8,0,0,ok,ok,
https://tecnicocuritiba.com.br/bairros/jardim-menino-deus-qb,8,8,0,0,ok,ok,
https://tecnicocuritiba.com.br/bairros/jardim-monte-santo,8,8,0,0,ok,ok,
https://tecnicocuritiba.com.br/bairros/jardim-novo-horizonte-cl,8,8,0,0,ok,ok,
https://tecnicocuritiba.com.br/bairros/jardim-osasco,8,8,0,0,ok,ok,
https://tecnicocuritiba.com.br/bairros/jardim-paraiso-at,8,8,0,0,ok,ok,
https://tecnicocuritiba.com.br/bairros/jardim-paranagua-at,8,8,0,0,ok,ok,
https://tecnicocuritiba.com.br/bairros/jardim-pedro-demeterco,8,8,0,0,ok,ok,
https://tecnicocuritiba.com.br/bairros/jardim-planalto-campo-largo,8,8,0,0,ok,ok,
https://tecnicocuritiba.com.br/bairros/jardim-planalto-ii-cl,8,8,0,0,ok,ok,
https://tecnicocuritiba.com.br/bairros/jardim-primavera-piraquara,8,8,0,0,ok,ok,
https://tecnicocuritiba.com.br/bairros/jardim-roma,8,8,0,0,ok,ok,
https://tecnicocuritiba.com.br/bairros/jardim-santo-antonio-piraquara,8,8,0,0,ok,ok,
https://tecnicocuritiba.com.br/bairros/jardim-sao-jorge-at,8,8,0,0,ok,ok,
https://tecnicocuritiba.com.br/bairros/jardim-sao-paulo-piraquara,8,8,0,0,ok,ok,
https://tecnicocuritiba.com.br/bairros/jardim-shangrila-araucaria,8,8,0,0,ok,ok,
https://tecnicocuritiba.com.br/bairros/jardim-social,8,8,0,0,ok,ok,
https://tecnicocuritiba.com.br/bairros/jardim-tropical-pinhais,8,8,0,0,ok,ok,
https://tecnicocuritiba.com.br/bairros/jardim-uniao-piraquara,8,8,0,0,ok,ok,
https://tecnicocuritiba.com.br/bairros/jardim-wissinger-pinhais,8,8,0,0,ok,ok,
https://tecnicocuritiba.com.br/bairros/joquei-clube-cm,8,8,0,0,ok,ok,
https://tecnicocuritiba.com.br/bairros/juveve,8,8,0,0,ok,ok,
https://tecnicocuritiba.com.br/bairros/lamenha-grande-cl,8,8,0,0,ok,ok,
https://tecnicocuritiba.com.br/bairros/maracana-colombo,8,8,0,0,ok,ok,
https://tecnicocuritiba.com.br/bairros/maria-antonieta,8,8,0,0,ok,ok,
https://tecnicocuritiba.com.br/bairros/merces,8,8,0,0,ok,ok,
https://tecnicocuritiba.com.br/bairros/monza-colombo,8,8,0,0,ok,ok,
https://tecnicocuritiba.com.br/bairros/nacoes-frg,8,8,0,0,ok,ok,
https://tecnicocuritiba.com.br/bairros/novo-mundo,8,8,0,0,ok,ok,
https://tecnicocuritiba.com.br/bairros/osvaldo-cruz-colombo,8,8,0,0,ok,ok,
https://tecnicocuritiba.com.br/bairros/ouro-fino,8,8,0,0,ok,ok,
https://tecnicocuritiba.com.br/bairros/ouro-fino-sjp,8,8,0,0,ok,ok,
https://tecnicocuritiba.com.br/bairros/palmital-campo-largo,8,8,0,0,ok,ok,
https://tecnicocuritiba.com.br/bairros/palmital-colombo,8,8,0,0,ok,ok,
https://tecnicocuritiba.com.br/bairros/palmital-pinhais,8,8,0,0,ok,ok,
https://tecnicocuritiba.com.br/bairros/parque-da-fonte,8,8,0,0,ok,ok,
https://tecnicocuritiba.com.br/bairros/parque-industrial-frg,8,8,0,0,ok,ok,
https://tecnicocuritiba.com.br/bairros/parque-nascentes-pinhais,8,8,0,0,ok,ok,
https://tecnicocuritiba.com.br/bairros/passauna,8,8,0,0,ok,ok,
https://tecnicocuritiba.com.br/bairros/pedro-moro-sjp,8,8,0,0,ok,ok,
https://tecnicocuritiba.com.br/bairros/pineville,8,8,0,0,ok,ok,
https://tecnicocuritiba.com.br/bairros/pinheirinho,8,8,0,0,ok,ok,
https://tecnicocuritiba.com.br/bairros/pioneiros-frg,8,8,0,0,ok,ok,
https://tecnicocuritiba.com.br/bairros/planta-deodoro-piraquara,8,8,0,0,ok,ok,
https://tecnicocuritiba.com.br/bairros/planta-sao-tiago-araucaria,8,8,0,0,ok,ok,
https://tecnicocuritiba.com.br/bairros/portao,11,11,0,0,ok,ok,
https://tecnicocuritiba.com.br/bairros/porto-das-laranjeiras,8,8,0,0,ok,ok,
https://tecnicocuritiba.com.br/bairros/prado-velho-piraquara,8,8,0,0,ok,ok,
https://tecnicocuritiba.com.br/bairros/quississana-sjp,8,8,0,0,ok,ok,
https://tecnicocuritiba.com.br/bairros/reboucas,8,8,0,0,ok,ok,
https://tecnicocuritiba.com.br/bairros/rio-pequeno-sjp,8,8,0,0,ok,ok,
https://tecnicocuritiba.com.br/bairros/rio-verde-cm,8,8,0,0,ok,ok,
https://tecnicocuritiba.com.br/bairros/roca-grande,8,8,0,0,ok,ok,
https://tecnicocuritiba.com.br/bairros/rondinha,8,8,0,0,ok,ok,
https://tecnicocuritiba.com.br/bairros/sabia,8,8,0,0,ok,ok,
https://tecnicocuritiba.com.br/bairros/santa-cruz-campo-largo,8,8,0,0,ok,ok,
https://tecnicocuritiba.com.br/bairros/santa-felicidade,11,11,0,0,ok,ok,
https://tecnicocuritiba.com.br/bairros/santa-terezinha-colombo,8,8,0,0,ok,ok,
https://tecnicocuritiba.com.br/bairros/santa-terezinha-frg,8,8,0,0,ok,ok,
https://tecnicocuritiba.com.br/bairros/sao-cristao-piraquara,8,8,0,0,ok,ok,
https://tecnicocuritiba.com.br/bairros/sao-cristovao,8,8,0,0,ok,ok,
https://tecnicocuritiba.com.br/bairros/sao-dimas-colombo,8,8,0,0,ok,ok,
https://tecnicocuritiba.com.br/bairros/sao-domingos,8,8,0,0,ok,ok,
https://tecnicocuritiba.com.br/bairros/sao-francisco,8,8,0,0,ok,ok,
https://tecnicocuritiba.com.br/bairros/sao-gabriel-colombo,8,8,0,0,ok,ok,
https://tecnicocuritiba.com.br/bairros/sao-jose-campo-largo,8,8,0,0,ok,ok,
https://tecnicocuritiba.com.br/bairros/sao-jose-dos-pinhais,8,8,0,0,ok,ok,
https://tecnicocuritiba.com.br/bairros/sao-lourenco-frg,8,8,0,0,ok,ok,
https://tecnicocuritiba.com.br/bairros/sao-lourenco-qb,8,8,0,0,ok,ok,
https://tecnicocuritiba.com.br/bairros/sao-marcos,8,8,0,0,ok,ok,
https://tecnicocuritiba.com.br/bairros/sao-marcos-campo-largo,8,8,0,0,ok,ok,
https://tecnicocuritiba.com.br/bairros/sao-miguel-araucaria,8,8,0,0,ok,ok,
https://tecnicocuritiba.com.br/bairros/sao-sebastiao-cm,8,8,0,0,ok,ok,
https://tecnicocuritiba.com.br/bairros/sao-silvestre,8,8,0,0,ok,ok,
https://tecnicocuritiba.com.br/bairros/sao-venancio,8,8,0,0,ok,ok,
https://tecnicocuritiba.com.br/bairros/sede-campo-magro,8,8,0,0,ok,ok,
https://tecnicocuritiba.com.br/bairros/seminario,8,8,0,0,ok,ok,
https://tecnicocuritiba.com.br/bairros/sete-vilas,8,8,0,0,ok,ok,
https://tecnicocuritiba.com.br/bairros/sitio-cercado,8,8,0,0,ok,ok,
https://tecnicocuritiba.com.br/bairros/tangua-at,8,8,0,0,ok,ok,
https://tecnicocuritiba.com.br/bairros/taruma,8,8,0,0,ok,ok,
https://tecnicocuritiba.com.br/bairros/taxiqueira-colombo,8,8,0,0,ok,ok,
https://tecnicocuritiba.com.br/bairros/thomaz-coelho,8,8,0,0,ok,ok,
https://tecnicocuritiba.com.br/bairros/thomaz-coelho-ii,8,8,0,0,ok,ok,
https://tecnicocuritiba.com.br/bairros/timbotuva-cl,8,8,0,0,ok,ok,
https://tecnicocuritiba.com.br/bairros/tindiquera,8,8,0,0,ok,ok,
https://tecnicocuritiba.com.br/bairros/tingui,8,8,0,0,ok,ok,
https://tecnicocuritiba.com.br/bairros/tranqueira-at,8,8,0,0,ok,ok,
https://tecnicocuritiba.com.br/bairros/tres-corregos,8,8,0,0,ok,ok,
https://tecnicocuritiba.com.br/bairros/uberaba,8,8,0,0,ok,ok,
https://tecnicocuritiba.com.br/bairros/vale-das-aguas,8,8,0,0,ok,ok,
https://tecnicocuritiba.com.br/bairros/vargem-grande,8,8,0,0,ok,ok,
https://tecnicocuritiba.com.br/bairros/vila-amelia-pinhais,8,8,0,0,ok,ok,
https://tecnicocuritiba.com.br/bairros/vila-candida-cl,8,8,0,0,ok,ok,
https://tecnicocuritiba.com.br/bairros/vila-izabel,8,8,0,0,ok,ok,
https://tecnicocuritiba.com.br/bairros/vila-macedo-piraquara,8,8,0,0,ok,ok,
https://tecnicocuritiba.com.br/bairros/vila-maria-antonieta-pinhais,8,8,0,0,ok,ok,
https://tecnicocuritiba.com.br/bairros/vila-maria-qb,8,8,0,0,ok,ok,
https://tecnicocuritiba.com.br/bairros/vila-nova-araucaria,8,8,0,0,ok,ok,
https://tecnicocuritiba.com.br/bairros/vila-sao-jose-qb,8,8,0,0,ok,ok,
https://tecnicocuritiba.com.br/bairros/vila-solene,8,8,0,0,ok,ok,
https://tecnicocuritiba.com.br/bairros/vila-taruma,8,8,0,0,ok,ok,
https://tecnicocuritiba.com.br/bairros/weissopolis,8,8,0,0,ok,ok,
https://tecnicocuritiba.com.br/bairros/xaxim,8,8,0,0,ok,ok,
